Workbook

Sheet Template
C3: Health of the Inventory Tracker 2026
D4: Fronts Total | F4: Backs Total
C5: Date | D5: Loading Total | E5: Fronts Crew | F5: Loading Total | G5: Backs Crew | H5: 24 hr. Loaded Total | I5: Plant Production | J5: Delta to Inventory | K5: Drop | L5: DFS Loads | M5: Loaded vs. Drop | N5: Inventory | O5: Inventory Movement | P5: Late Loads | Q5: Roll Over Loads | R5: Run-out | S5: Available Bins | T5: Bins Made | U5: Bin Cons | V5: Loading Teams | W5: Pickers | X5: NVP | Y5: Un-received Pallets | Z5: Total Tires | AA5: Front Loads | AB5: Back Loads | AC5: Actual Load Drop | AD5: Total Loads | AE5: Delta
H6: =SUM(D6+F6) -> 0 | J6: =I6-H6 -> 0 | M6: =H6-(K6+L6) -> 0 | X6: =Z6/35 -> 0 | Y6: =Z6/36 -> 0 | AD6: =SUM(AA6+AB6) -> 0 | AE6: =AD6-AC6 -> 0
H7: =SUM(D7+F7) -> 0 | J7: =I7-H7 -> 0 | M7: =H7-(K7+L7) -> 0 | X7: =Z7/35 -> 0 | Y7: =Z7/36 -> 0 | AD7: =SUM(AA7+AB7) -> 0 | AE7: =AD7-AC7 -> 0
H8: =SUM(D8+F8) -> 0 | J8: =I8-H8 -> 0 | M8: =H8-(K8+L8) -> 0 | X8: =Z8/35 -> 0 | Y8: =Z8/36 -> 0 | AD8: =SUM(AA8+AB8) -> 0 | AE8: =AD8-AC8 -> 0
H9: =SUM(D9+F9) -> 0 | J9: =I9-H9 -> 0 | M9: =H9-(K9+L9) -> 0 | X9: =Z9/35 -> 0 | Y9: =Z9/36 -> 0 | AD9: =SUM(AA9+AB9) -> 0 | AE9: =AD9-AC9 -> 0
H10: =SUM(D10+F10) -> 0 | J10: =I10-H10 -> 0 | M10: =H10-(K10+L10) -> 0 | X10: =Z10/35 -> 0 | Y10: =Z10/36 -> 0 | AD10: =SUM(AA10+AB10) -> 0 | AE10: =AD10-AC10 -> 0
H11: =SUM(D11+F11) -> 0 | J11: =I11-H11 -> 0 | M11: =H11-(K11+L11) -> 0 | X11: =Z11/35 -> 0 | Y11: =Z11/36 -> 0 | AD11: =SUM(AA11+AB11) -> 0 | AE11: =AD11-AC11 -> 0
H12: =SUM(D12+F12) -> 0 | J12: =I12-H12 -> 0 | M12: =H12-(K12+L12) -> 0 | X12: =Z12/35 -> 0 | Y12: =Z12/36 -> 0 | AD12: =SUM(AA12+AB12) -> 0 | AE12: =AD12-AC12 -> 0
H13: =SUM(D13+F13) -> 0 | J13: =I13-H13 -> 0 | M13: =H13-(K13+L13) -> 0 | X13: =Z13/35 -> 0 | Y13: =Z13/36 -> 0 | AD13: =SUM(AA13+AB13) -> 0 | AE13: =AD13-AC13 -> 0
H14: =SUM(D14+F14) -> 0 | J14: =I14-H14 -> 0 | M14: =H14-(K14+L14) -> 0 | X14: =Z14/35 -> 0 | Y14: =Z14/36 -> 0 | AD14: =SUM(AA14+AB14) -> 0 | AE14: =AD14-AC14 -> 0
H15: =SUM(D15+F15) -> 0 | J15: =I15-H15 -> 0 | M15: =H15-(K15+L15) -> 0 | X15: =Z15/35 -> 0 | Y15: =Z15/36 -> 0 | AD15: =SUM(AA15+AB15) -> 0 | AE15: =AD15-AC15 -> 0
H16: =SUM(D16+F16) -> 0 | J16: =I16-H16 -> 0 | M16: =H16-(K16+L16) -> 0 | X16: =Z16/35 -> 0 | Y16: =Z16/36 -> 0 | AD16: =SUM(AA16+AB16) -> 0 | AE16: =AD16-AC16 -> 0
H17: =SUM(D17+F17) -> 0 | J17: =I17-H17 -> 0 | M17: =H17-(K17+L17) -> 0 | X17: =Z17/35 -> 0 | Y17: =Z17/36 -> 0 | AD17: =SUM(AA17+AB17) -> 0 | AE17: =AD17-AC17 -> 0
... H35: =SUM(D35+F35) -> 0 | J35: =I35-H35 -> 0 | M35: =H35-(K35+L35) -> 0 | X35: =Z35/35 -> 0 | Y35: =Z35/36 -> 0 | AD35: =SUM(AA35+AB35) -> 0 | AE35: =AD35-AC35 -> 0
C36: Totals/Averages | D36: =SUM(D6:D35) -> 0 | F36: =SUM(F6:F35) -> 0 | H36: =SUM(H6:H35) -> 0 | I36: =SUM(I6:I35) -> 0 | J36: =I36-H36 -> 0 | K36: =SUM(K6:K35) -> 0 | L36: =SUM(L6:L35) -> 0 | M36: =H36-K36 -> 0 | N36: =AVERAGE(N6:N35) -> #DIV/0! | P36: =AVERAGE(P6:P35) -> #DIV/0! | Q36: =AVERAGE(Q6:Q35) -> #DIV/0! | S36: =AVERAGE(S6:S35) -> #DIV/0! | T36: =AVERAGE(T6:T35) -> #DIV/0! | U36: =AVERAGE(U6:U35) -> #DIV/0! | V36: =AVERAGE(V6:V35) -> #DIV/0! | W36: =AVERAGE(W6:W35) -> #DIV/0! | X36: =AVERAGE(X6:X35) -> 0 | Y36: =AVERAGE(Y6:Y35) -> 0 | Z36: =AVERAGE(Z6:Z35) -> #DIV/0! | ... AE36: =AVERAGE(AE6:AE35) -> 0

Sheet Jan
C3: KPI Tracker January 2026
D4: Fronts Total | F4: Backs Total
C5: Date | D5: Loading Total | E5: Fronts Crew | F5: Loading Total | G5: Backs Crew | H5: 24 hr. Loaded Total | I5: Plant Production | J5: Delta to Inventory | K5: Drop | L5: DFS Loads | M5: Loaded vs. Drop | N5: Inventory | O5: Inventory Movement | P5: Late Loads | Q5: Roll Over Loads | R5: Run-out | S5: Available Bins | T5: Bins Made | U5: Bin Cons | V5: Loading Teams | W5: Pickers | X5: NVP | Y5: Total Tires | Z5: Front Loads | AA5: Back Loads | AB5: Actual Load Drop | AC5: Total Loads | AD5: Delta
C6: 46023 | D6: 6339 | E6: 4 | F6: 0 | G6: 3 | H6: =SUM(D6+F6) -> 6339 | I6: 0 | J6: =I6-H6 -> -6339 | K6: 17406 | L6: 0 | M6: =H6-(K6+L6) -> -11067 | N6: 100829 | O6: W | P6: 0 | Q6: 4 | R6: N | S6: 232 | T6: 21 | U6: 0 | V6: 2 | W6: 2 | X6: =Y6/35 -> 0 | Y6: 0 | Z6: 6 | AA6: 0 | AB6: 21 | AC6: =SUM(Z6+AA6) -> 6 | AD6: =AC6-AB6 -> -15
C7: 46024 | D7: 8638 | E7: 1 | F7: 7347 | G7: 2 | H7: =SUM(D7+F7) -> 15985 | I7: 0 | J7: =I7-H7 -> -15985 | K7: 14686 | L7: 0 | M7: =H7-(K7+L7) -> 1299 | N7: 100734 | O7: W | P7: 0 | Q7: 0 | R7: Y | S7: 218 | T7: 63 | U7: 157 | V7: 6 | W7: 6 | X7: =Y7/35 -> 3.2571429 | Y7: 114 | Z7: 9 | AA7: 7 | AB7: 19 | AC7: =SUM(Z7+AA7) -> 16 | AD7: =AC7-AB7 -> -3
C8: 46025 | D8: 8179 | E8: 1 | F8: 4442 | G8: 2 | H8: =SUM(D8+F8) -> 12621 | I8: 0 | J8: =I8-H8 -> -12621 | K8: 14339 | L8: 1058 | M8: =H8-(K8+L8) -> -2776 | N8: 106025 | O8: X | P8: 0 | Q8: 0 | R8: Y | S8: 218 | T8: 83 | U8: 78 | V8: 6 | W8: 6 | X8: =Y8/35 -> 8.9714286 | Y8: 314 | Z8: 8 | AA8: 5 | AB8: 19 | AC8: =SUM(Z8+AA8) -> 13 | AD8: =AC8-AB8 -> -6
C9: 46026 | D9: 3942 | E9: 1 | F9: 2948 | G9: 2 | H9: =SUM(D9+F9) -> 6890 | I9: 0 | J9: =I9-H9 -> -6890 | K9: 8768 | L9: 1058 | M9: =H9-(K9+L9) -> -2936 | N9: 117532 | O9: X | P9: 0 | Q9: 0 | R9: Y | S9: 176 | T9: 88 | U9: 105 | V9: 6 | W9: 6 | X9: =Y9/35 -> 4.6571429 | Y9: 163 | Z9: 4 | AA9: 3 | AB9: 18 | AC9: =SUM(Z9+AA9) -> 7 | AD9: =AC9-AB9 -> -11
C10: 46027 | D10: 13671 | E10: 3 | F10: 9817 | G10: 4 | H10: =SUM(D10+F10) -> 23488 | I10: 22088 | J10: =I10-H10 -> -1400 | K10: 12091 | L10: 0 | M10: =H10-(K10+L10) -> 11397 | N10: 113733 | O10: W | P10: 0 | Q10: 3 | R10: N | S10: 175 | T10: 97 | U10: 83 | V10: 7 | W10: 8 | X10: =Y10/35 -> 4.4571429 | Y10: 156 | Z10: 13 | AA10: 9 | AB10: 15 | AC10: =SUM(Z10+AA10) -> 22 | AD10: =AC10-AB10 -> 7
C11: 46028 | D11: 18103 | E11: 3 | F11: 10505 | G11: 4 | H11: =SUM(D11+F11) -> 28608 | I11: 21947 | J11: =I11-H11 -> -6661 | K11: 28089 | L11: 920 | M11: =H11-(K11+L11) -> -401 | N11: 105315 | O11: W | P11: 0 | Q11: 9 | R11: N | S11: 212 | T11: 125 | U11: 70 | V11: 8 | W11: 9 | X11: =Y11/35 -> 11.485714 | Y11: 402 | Z11: 14 | AA11: 10 | AB11: 27 | AC11: =SUM(Z11+AA11) -> 24 | AD11: =AC11-AB11 -> -3
C12: 46029 | D12: 13750 | E12: 1 | F12: 15969 | G12: 2 | H12: =SUM(D12+F12) -> 29719 | I12: 20351 | J12: =I12-H12 -> -9368 | K12: 27027 | L12: 0 | M12: =H12-(K12+L12) -> 2692 | N12: 98022 | O12: W | P12: 0 | Q12: 5 | R12: N | S12: 218 | T12: 80 | U12: 122 | V12: 8 | W12: 8 | X12: =Y12/35 -> 10.485714 | Y12: 367 | Z12: 14 | AA12: 15 | AB12: 26 | AC12: =SUM(Z12+AA12) -> 29 | AD12: =AC12-AB12 -> 3
C13: 46030 | D13: 15909 | E13: 1 | F13: 10750 | G13: 2 | H13: =SUM(D13+F13) -> 26659 | I13: 19932 | J13: =I13-H13 -> -6727 | K13: 10658 | L13: 3743 | M13: =H13-(K13+L13) -> 12258 | N13: 93632 | O13: W | P13: 0 | Q13: 0 | R13: Y | S13: 226 | T13: 67 | U13: 106 | V13: 8 | W13: 8 | X13: =Y13/35 -> 3.7142857 | Y13: 130 | Z13: 15 | AA13: 11 | AB13: 20 | AC13: =SUM(Z13+AA13) -> 26 | AD13: =AC13-AB13 -> 6
C14: 46031 | D14: 14656 | E14: 3 | F14: 4712 | G14: 4 | H14: =SUM(D14+F14) -> 19368 | I14: 22291 | J14: =I14-H14 -> 2923 | K14: 12218 | L14: 0 | M14: =H14-(K14+L14) -> 7150 | N14: 97306 | O14: X | P14: 0 | Q14: 0 | R14: Y | S14: 200 | T14: 83 | U14: 157 | V14: 8 | W14: 7 | X14: =Y14/35 -> 9.4857143 | Y14: 332 | Z14: 13 | AA14: 5 | AB14: 17 | AC14: =SUM(Z14+AA14) -> 18 | AD14: =AC14-AB14 -> 1
C15: 46032 | D15: 13595 | E15: 3 | F15: 3942 | G15: 4 | H15: =SUM(D15+F15) -> 17537 | I15: 24281 | J15: =I15-H15 -> 6744 | K15: 13232 | L15: 0 | M15: =H15-(K15+L15) -> 4305 | N15: 99021 | O15: X | P15: 0 | Q15: 0 | R15: Y | S15: 195 | T15: 127 | U15: 93 | V15: 6 | W15: 6 | X15: =Y15/35 -> 9.2 | Y15: 322 | Z15: 13 | AA15: 4 | AB15: 18 | AC15: =SUM(Z15+AA15) -> 17 | AD15: =AC15-AB15 -> -1
C16: 46033 | D16: 13771 | E16: 3 | F16: 7881 | G16: 4 | H16: =SUM(D16+F16) -> 21652 | I16: 23518 | J16: =I16-H16 -> 1866 | K16: 12569 | L16: 0 | M16: =H16-(K16+L16) -> 9083 | N16: 106272 | O16: X | P16: 0 | Q16: 1 | R16: N | S16: 190 | T16: 92 | U16: 89 | V16: 6 | W16: 7 | X16: =Y16/35 -> 14.485714 | Y16: 507 | Z16: 14 | AA16: 8 | AB16: 18 | AC16: =SUM(Z16+AA16) -> 22 | AD16: =AC16-AB16 -> 4
C17: 46034 | D17: 14820 | E17: 2 | F17: 5996 | G17: 1 | H17: =SUM(D17+F17) -> 20816 | I17: 25667 | J17: =I17-H17 -> 4851 | K17: 14691 | L17: 1978 | M17: =H17-(K17+L17) -> 4147 | N17: 109902 | O17: X | P17: 0 | Q17: 0 | R17: Y | S17: 192 | T17: 82 | U17: 95 | V17: 7 | W17: 8 | X17: =Y17/35 -> 13.028571 | Y17: 456 | Z17: 14 | AA17: 6 | AB17: 21 | AC17: =SUM(Z17+AA17) -> 20 | AD17: =AC17-AB17 -> -1
... C34: 46051 | D34: 13858 | E34: 4 | F34: 9619 | G34: 3 | H34: =SUM(D34+F34) -> 23477 | I34: 24697 | J34: =I34-H34 -> 1220 | K34: 10887 | L34: 0 | M34: =H34-(K34+L34) -> 12590 | N34: 109097 | O34: X | P34: 0 | Q34: 0 | R34: Y | S34: 186 | T34: 74 | U34: 121 | V34: 7 | W34: 7 | X34: =Y34/35 -> 8.5428571 | Y34: 299 | Z34: 13 | AA34: 10 | AB34: 15 | AC34: =SUM(Z34+AA34) -> 23 | AD34: =AC34-AB34 -> 8
C35: 46052 | D35: 14169 | E35: 1 | F35: 11643 | G35: 2 | H35: =SUM(D35+F35) -> 25812 | I35: 21661 | J35: =I35-H35 -> -4151 | K35: 22000 | L35: 1058 | M35: =H35-(K35+L35) -> 2754 | N35: 108816 | O35: W | P35: 0 | Q35: 0 | R35: Y | S35: 191 | X35: =Y35/35 -> 8.6857143 | Y35: 304 | AB35: 20 | AC35: =SUM(Z35+AA35) -> 0 | AD35: =AC35-AB35 -> -20
C36: 46053 | D36: 2015 | E36: 1 | F36: 0 | G36: 2 | H36: =SUM(D36+F36) -> 2015 | J36: =I36-H36 -> -2015 | M36: =H36-(K36+L36) -> 2015 | X36: =Y36/35 -> 0 | AC36: =SUM(Z36+AA36) -> 0 | AD36: =AC36-AB36 -> 0
C37: Totals/Averages | D37: =SUM(D6:D36) -> 372449 | F37: =SUM(F6:F36) -> 249952 | H37: =SUM(H6:H36) -> 622401 | I37: =SUM(I6:I36) -> 574815 | J37: =I37-H37 -> -47586 | K37: =SUM(K6:K36) -> 463095 | L37: =SUM(L6:L36) -> 19193 | M37: =H37-K37 -> 159306 | N37: =AVERAGE(N6:N36) -> 105521.8 | P37: =AVERAGE(P6:P36) -> 0 | Q37: =AVERAGE(Q6:Q36) -> 2.2 | S37: =AVERAGE(S6:S36) -> 188.16667 | T37: =AVERAGE(T6:T36) -> 84.310345 | U37: =AVERAGE(U6:U36) -> 88.413793 | V37: =AVERAGE(V6:V36) -> 6.4827586 | W37: =AVERAGE(W6:W36) -> 6.6206897 | X37: =AVERAGE(X6:X36) -> 6.9695853 | Y37: =AVERAGE(Y6:Y36) -> 252.06667 | Z37: =AVERAGE(Z6:Z36) -> 11.827586 | ... AD37: =AVERAGE(AD6:AD36) -> -0.12903226
AC38: =SUM(AC6:AC36) -> 578

Sheet Feb
C3: Health of the Inventory Tracker February 2026
D4: Fronts Total | F4: Backs Total
C5: Date | D5: Loading Total | E5: Fronts Crew | F5: Loading Total | G5: Backs Crew | H5: 24 hr. Loaded Total | I5: Plant Production | J5: Delta to Inventory | K5: Drop | L5: DFS Loads | M5: Loaded vs. Drop | N5: Inventory | O5: Inventory Movement | P5: Late Loads | Q5: Roll Over Loads | R5: Run-out | S5: Available Bins | T5: Bins Made | U5: Bin Cons | V5: Loading Teams | W5: Pickers | X5: NVP | Y5: Total Tires | Z5: Front Loads | AA5: Back Loads | AB5: Actual Load Drop | AC5: Total Loads | AD5: Delta
C6: 46054 | D6: 0 | E6: 1 | F6: 0 | G6: 2 | H6: =SUM(D6+F6) -> 0 | I6: 0 | J6: =I6-H6 -> 0 | K6: 0 | L6: 0 | M6: =H6-(K6+L6) -> 0 | T6: 0 | U6: 0 | V6: 0 | W6: 0 | X6: =Y6/35 -> 0 | Z6: 0 | AA6: 0 | AB6: 0 | AC6: =SUM(Z6+AA6) -> 0 | AD6: =AC6-AB6 -> 0
C7: 46055 | D7: 13386 | E7: 3 | F7: 12033 | G7: 4 | H7: =SUM(D7+F7) -> 25419 | I7: 6449 | J7: =I7-H7 -> -18970 | K7: 10027 | L7: 2306 | M7: =H7-(K7+L7) -> 13086 | N7: 101256 | O7: W | P7: 0 | Q7: 7 | R7: N | S7: 202 | T7: 68 | U7: 65 | V7: 8 | W7: 8 | X7: =Y7/35 -> 3.8285714 | Y7: 134 | Z7: 13 | AA7: 12 | AB7: 9 | AC7: =SUM(Z7+AA7) -> 25 | AD7: =AC7-AB7 -> 16
C8: 46056 | D8: 19341 | E8: 3 | F8: 12301 | G8: 4 | H8: =SUM(D8+F8) -> 31642 | I8: 23648 | J8: =I8-H8 -> -7994 | K8: 18418 | L8: 0 | M8: =H8-(K8+L8) -> 13224 | N8: 92778 | O8: W | P8: 0 | Q8: 4 | R8: N | S8: 208 | T8: 90 | U8: 119 | V8: 8 | W8: 8 | X8: =Y8/35 -> 25.371429 | Y8: 888 | Z8: 17 | AA8: 12 | AB8: 17 | AC8: =SUM(Z8+AA8) -> 29 | AD8: =AC8-AB8 -> 12
C9: 46057 | D9: 17897 | E9: 1 | F9: 5882 | G9: 2 | H9: =SUM(D9+F9) -> 23779 | I9: 24721 | J9: =I9-H9 -> 942 | K9: 19240 | L9: 0 | M9: =H9-(K9+L9) -> 4539 | N9: 95821 | O9: X | P9: 0 | Q9: 0 | R9: Y | S9: 205 | T9: 80 | U9: 59 | V9: 8 | W9: 8 | X9: =Y9/35 -> 18.885714 | Y9: 661 | Z9: 18 | AA9: 6 | AB9: 22 | AC9: =SUM(Z9+AA9) -> 24 | AD9: =AC9-AB9 -> 2
C10: 46058 | D10: 13457 | E10: 1 | F10: 3930 | G10: 2 | H10: =SUM(D10+F10) -> 17387 | I10: 24190 | J10: =I10-H10 -> 6803 | K10: 11160 | L10: 0 | M10: =H10-(K10+L10) -> 6227 | N10: 103518 | O10: X | P10: 0 | Q10: 0 | R10: Y | S10: 189 | T10: 74 | U10: 89 | V10: 6 | W10: 6 | X10: =Y10/35 -> 14.228571 | Y10: 498 | Z10: 13 | AA10: 4 | AB10: 15 | AC10: =SUM(Z10+AA10) -> 17 | AD10: =AC10-AB10 -> 2
C11: 46059 | D11: 18510 | E11: 3 | F11: 5459 | G11: 4 | H11: =SUM(D11+F11) -> 23969 | J11: =I11-H11 -> -23969 | M11: =H11-(K11+L11) -> 23969 | P11: 0 | Q11: 0 | R11: Y | T11: 93 | U11: 124 | V11: 8 | W11: 6 | X11: =Y11/35 -> 0 | Z11: 16 | AA11: 6 | AC11: =SUM(Z11+AA11) -> 22 | AD11: =AC11-AB11 -> 22
C12: 46060 | D12: 14446 | E12: 3 | G12: 4 | H12: =SUM(D12+F12) -> 14446 | J12: =I12-H12 -> -14446 | M12: =H12-(K12+L12) -> 14446 | P12: 0 | Q12: 0 | R12: Y | T12: 100 | U12: 93 | V12: 0 | W12: 0 | X12: =Y12/35 -> 0 | Z12: 14 | AA12: 0 | AC12: =SUM(Z12+AA12) -> 14 | AD12: =AC12-AB12 -> 14
C13: 46061 | D13: 13922 | E13: 3 | F13: 7903 | G13: 4 | H13: =SUM(D13+F13) -> 21825 | I13: 19906 | J13: =I13-H13 -> -1919 | K13: 16080 | L13: 0 | M13: =H13-(K13+L13) -> 5745 | N13: 110640 | P13: 0 | Q13: 0 | R13: Y | S13: 123 | T13: 94 | U13: 77 | V13: 6 | W13: 6 | X13: =Y13/35 -> 24.685714 | Y13: 864 | Z13: 13 | AA13: 8 | AB13: 18 | AC13: =SUM(Z13+AA13) -> 21 | AD13: =AC13-AB13 -> 3
C14: 46062 | D14: 18888 | E14: 2 | F14: 3416 | G14: 1 | H14: =SUM(D14+F14) -> 22304 | I14: 13168 | J14: =I14-H14 -> -9136 | K14: 13691 | L14: 2760 | M14: =H14-(K14+L14) -> 5853 | N14: 100895 | O14: W | P14: 0 | Q14: 0 | R14: Y | S14: 159 | T14: 80 | U14: 109 | V14: 6 | W14: 7 | X14: =Y14/35 -> 4.2857143 | Y14: 150 | Z14: 18 | AA14: 3 | AB14: 18 | AC14: =SUM(Z14+AA14) -> 21 | AD14: =AC14-AB14 -> 3
C15: 46063 | D15: 17005 | E15: 2 | F15: 14303 | G15: 1 | H15: =SUM(D15+F15) -> 31308 | I15: 9365 | J15: =I15-H15 -> -21943 | K15: 28928 | L15: 0 | M15: =H15-(K15+L15) -> 2380 | N15: 82683 | O15: W | P15: 0 | Q15: 3 | R15: N | S15: 208 | T15: 89 | U15: 53 | V15: 8 | W15: 8 | X15: =Y15/35 -> 2.3142857 | Y15: 81 | Z15: 14 | AA15: 14 | AB15: 20 | AC15: =SUM(Z15+AA15) -> 28 | AD15: =AC15-AB15 -> 8
C16: 46064 | D16: 12248 | E16: 3 | F16: 1258 | G16: 4 | H16: =SUM(D16+F16) -> 13506 | I16: 20258 | J16: =I16-H16 -> 6752 | K16: 14378 | L16: 1288 | M16: =H16-(K16+L16) -> -2160 | N16: 88667 | O16: X | P16: 0 | Q16: 0 | R16: Y | S16: 192 | T16: 79 | U16: 0 | V16: 5 | W16: 5 | X16: =Y16/35 -> 3 | Y16: 105 | Z16: 11 | AA16: 2 | AB16: 14 | AC16: =SUM(Z16+AA16) -> 13 | AD16: =AC16-AB16 -> -1
C17: 46065 | D17: 15998 | E17: 3 | F17: 1849 | G17: 4 | H17: =SUM(D17+F17) -> 17847 | I17: 25993 | J17: =I17-H17 -> 8146 | K17: 12966 | L17: 0 | M17: =H17-(K17+L17) -> 4881 | N17: 97446 | O17: X | P17: 0 | Q17: 0 | R17: Y | S17: 175 | T17: 173 | U17: 40 | V17: 5 | W17: 5 | X17: =Y17/35 -> 22.6 | Y17: 791 | Z17: 16 | AA17: 1 | AB17: 12 | AC17: =SUM(Z17+AA17) -> 17 | AD17: =AC17-AB17 -> 5
C18: 46066 | D18: 14307 | E18: 2 | F18: 9625 | G18: 1 | H18: =SUM(D18+F18) -> 23932 | I18: 25158 | J18: =I18-H18 -> 1226 | K18: 9475 | L18: 1288 | M18: =H18-(K18+L18) -> 13169 | N18: 98500 | O18: X | P18: 0 | Q18: 0 | R18: Y | S18: 188 | T18: 66 | U18: 80 | V18: 7 | W18: 7 | X18: =Y18/35 -> 6.0571429 | Y18: 212 | Z18: 14 | AA18: 9 | AB18: 14 | AC18: =SUM(Z18+AA18) -> 23 | AD18: =AC18-AB18 -> 9
C19: 46067 | D19: 14310 | E19: 2 | F19: 3554 | G19: 1 | H19: =SUM(D19+F19) -> 17864 | I19: 24933 | J19: =I19-H19 -> 7069 | K19: 17397 | L19: 0 | M19: =H19-(K19+L19) -> 467 | N19: 105586 | O19: X | P19: 0 | Q19: 0 | R19: Y | S19: 130 | T19: 61 | U19: 66 | V19: 5 | W19: 5 | X19: =Y19/35 -> 5.5714286 | Y19: 195 | Z19: 14 | AA19: 3 | AB19: 18 | AC19: =SUM(Z19+AA19) -> 17 | AD19: =AC19-AB19 -> -1
C20: 46068 | D20: 12342 | E20: 2 | F20: 4314 | G20: 1 | H20: =SUM(D20+F20) -> 16656 | I20: 24023 | J20: =I20-H20 -> 7367 | K20: 16871 | L20: 0 | M20: =H20-(K20+L20) -> -215 | N20: 108679 | O20: X | P20: 0 | Q20: 0 | R20: Y | S20: 147 | T20: 95 | U20: 54 | V20: 4 | W20: 5 | X20: =Y20/35 -> 8.6 | Y20: 301 | Z20: 11 | AA20: 5 | AB20: 18 | AC20: =SUM(Z20+AA20) -> 16 | AD20: =AC20-AB20 -> -2
C21: 46069 | D21: 13888 | E21: 4 | F21: 9374 | G21: 3 | H21: =SUM(D21+F21) -> 23262 | I21: 25066 | J21: =I21-H21 -> 1804 | K21: 13279 | L21: 2258 | M21: =H21-(K21+L21) -> 7725 | N21: 109667 | O21: X | P21: 0 | Q21: 2 | R21: N | S21: 106 | T21: 75 | U21: 109 | V21: 6 | W21: 6 | X21: =Y21/35 -> 6.0857143 | Y21: 213 | Z21: 14 | AA21: 10 | AB21: 15 | AC21: =SUM(Z21+AA21) -> 24 | AD21: =AC21-AB21 -> 9
C22: 46070 | D22: 16387 | E22: 4 | F22: 16165 | G22: 3 | H22: =SUM(D22+F22) -> 32552 | I22: 23782 | J22: =I22-H22 -> -8770 | K22: 27257 | L22: 920 | M22: =H22-(K22+L22) -> 4375 | N22: 101797 | O22: W | P22: 0 | Q22: 5 | R22: N | S22: 113 | T22: 73 | U22: 51 | V22: 8 | W22: 8 | X22: =Y22/35 -> 11.085714 | Y22: 388 | Z22: 15 | AA22: 16 | AB22: 29 | AC22: =SUM(Z22+AA22) -> 31 | AD22: =AC22-AB22 -> 2
C23: 46071 | D23: 17341 | E23: 2 | F23: 10220 | G23: 1 | H23: =SUM(D23+F23) -> 27561 | I23: 24519 | J23: =I23-H23 -> -3042 | K23: 22041 | L23: 1058 | M23: =H23-(K23+L23) -> 4462 | N23: 99776 | O23: W | P23: 0 | Q23: 0 | R23: Y | S23: 115 | T23: 59 | U23: 68 | V23: 7 | W23: 7 | X23: =Y23/35 -> 9.4 | Y23: 329 | Z23: 16 | AA23: 10 | AB23: 25 | AC23: =SUM(Z23+AA23) -> 26 | AD23: =AC23-AB23 -> 1
C24: 46072 | D24: 16814 | E24: 2 | F24: 7702 | G24: 1 | H24: =SUM(D24+F24) -> 24516 | I24: 21953 | J24: =I24-H24 -> -2563 | K24: 19123 | L24: 0 | M24: =H24-(K24+L24) -> 5393 | N24: 97649 | O24: W | P24: 0 | Q24: 0 | R24: Y | S24: 140 | T24: 72 | U24: 108 | V24: 7 | W24: 7 | X24: =Y24/35 -> 4.5714286 | Y24: 160 | Z24: 16 | AA24: 8 | AB24: 25 | AC24: =SUM(Z24+AA24) -> 24 | AD24: =AC24-AB24 -> -1
C25: 46073 | E25: 4 | G25: 3 | H25: =SUM(D25+F25) -> 0 | J25: =I25-H25 -> 0 | M25: =H25-(K25+L25) -> 0 | X25: =Y25/35 -> 0 | AC25: =SUM(Z25+AA25) -> 0 | AD25: =AC25-AB25 -> 0
C26: 46074 | E26: 4 | G26: 3 | H26: =SUM(D26+F26) -> 0 | J26: =I26-H26 -> 0 | M26: =H26-(K26+L26) -> 0 | X26: =Y26/35 -> 0 | AC26: =SUM(Z26+AA26) -> 0 | AD26: =AC26-AB26 -> 0
C27: 46075 | E27: 4 | G27: 3 | H27: =SUM(D27+F27) -> 0 | J27: =I27-H27 -> 0 | M27: =H27-(K27+L27) -> 0 | X27: =Y27/35 -> 0 | AC27: =SUM(Z27+AA27) -> 0 | AD27: =AC27-AB27 -> 0
C28: 46076 | E28: 1 | G28: 2 | H28: =SUM(D28+F28) -> 0 | J28: =I28-H28 -> 0 | M28: =H28-(K28+L28) -> 0 | X28: =Y28/35 -> 0 | AC28: =SUM(Z28+AA28) -> 0 | AD28: =AC28-AB28 -> 0
C29: 46077 | E29: 1 | G29: 2 | H29: =SUM(D29+F29) -> 0 | J29: =I29-H29 -> 0 | M29: =H29-(K29+L29) -> 0 | X29: =Y29/35 -> 0 | AC29: =SUM(Z29+AA29) -> 0 | AD29: =AC29-AB29 -> 0
C30: 46078 | E30: 4 | G30: 3 | H30: =SUM(D30+F30) -> 0 | J30: =I30-H30 -> 0 | M30: =H30-(K30+L30) -> 0 | X30: =Y30/35 -> 0 | AC30: =SUM(Z30+AA30) -> 0 | AD30: =AC30-AB30 -> 0
C31: 46079 | E31: 4 | G31: 3 | H31: =SUM(D31+F31) -> 0 | J31: =I31-H31 -> 0 | M31: =H31-(K31+L31) -> 0 | X31: =Y31/35 -> 0 | AC31: =SUM(Z31+AA31) -> 0 | AD31: =AC31-AB31 -> 0
C32: 46080 | E32: 1 | G32: 2 | H32: =SUM(D32+F32) -> 0 | J32: =I32-H32 -> 0 | M32: =H32-(K32+L32) -> 0 | X32: =Y32/35 -> 0 | AC32: =SUM(Z32+AA32) -> 0 | AD32: =AC32-AB32 -> 0
C33: 46081 | E33: 1 | G33: 2 | H33: =SUM(D33+F33) -> 0 | J33: =I33-H33 -> 0 | M33: =H33-(K33+L33) -> 0 | X33: =Y33/35 -> 0 | AC33: =SUM(Z33+AA33) -> 0 | AD33: =AC33-AB33 -> 0
C34: Totals/Averages | D34: =SUM(D6:D33) -> 280487 | F34: =SUM(F6:F33) -> 129288 | H34: =SUM(H6:H33) -> 409775 | I34: =SUM(I6:I33) -> 337132 | J34: =I34-H34 -> -72643 | K34: =SUM(K6:K33) -> 270331 | L34: =SUM(L6:L33) -> 11878 | M34: =H34-K34 -> 139444 | N34: =AVERAGE(N6:N33) -> 99709.875 | P34: =AVERAGE(P6:P33) -> 0 | Q34: =AVERAGE(Q6:Q33) -> 1.1666667 | S34: =AVERAGE(S6:S33) -> 162.5 | T34: =AVERAGE(T6:T33) -> 80.052632 | U34: =AVERAGE(U6:U33) -> 71.789474 | V34: =AVERAGE(V6:V33) -> 5.8947368 | W34: =AVERAGE(W6:W33) -> 5.8947368 | X34: =AVERAGE(X6:X33) -> 6.0918367 | Y34: =AVERAGE(Y6:Y33) -> 373.125 | Z34: =AVERAGE(Z6:Z33) -> 13.842105 | ... AB34: =AVERAGE(AB6:AB33) -> 17 | AC34: =SUM(AC6:AC33) -> 392 | AD34: =AVERAGE(AD6:AD33) -> 3.6785714

Sheet March
C3: Health of the Inventory Tracker March 2026
D4: Fronts Total | F4: Backs Total
C5: Date | D5: Loading Total | E5: Fronts Crew | F5: Loading Total | G5: Backs Crew | H5: 24 hr. Loaded Total | I5: Plant Production | J5: Delta to Inventory | K5: Drop | L5: DFS Loads | M5: Loaded vs. Drop | N5: Inventory | O5: Inventory Movement | P5: Late Loads | Q5: Roll Over Loads | R5: Run-out | S5: Available Bins | T5: Bins Made | U5: Bin Cons | V5: Loading Teams | W5: Pickers | X5: NVP | Y5: Un-received Pallets | Z5: Total Tires | AA5: Front Loads | AB5: Back Loads | AC5: Actual Load Drop | AD5: Total Loads | AE5: Delta
H6: =SUM(D6+F6) -> 0 | J6: =I6-H6 -> 0 | M6: =H6-(K6+L6) -> 0 | X6: =Z6/35 -> 0 | Y6: =Z6/36 -> 0 | AD6: =SUM(AA6+AB6) -> 0 | AE6: =AD6-AC6 -> 0
H7: =SUM(D7+F7) -> 0 | J7: =I7-H7 -> 0 | M7: =H7-(K7+L7) -> 0 | X7: =Z7/35 -> 0 | Y7: =Z7/36 -> 0 | AD7: =SUM(AA7+AB7) -> 0 | AE7: =AD7-AC7 -> 0
H8: =SUM(D8+F8) -> 0 | J8: =I8-H8 -> 0 | M8: =H8-(K8+L8) -> 0 | X8: =Z8/35 -> 0 | Y8: =Z8/36 -> 0 | AD8: =SUM(AA8+AB8) -> 0 | AE8: =AD8-AC8 -> 0
H9: =SUM(D9+F9) -> 0 | J9: =I9-H9 -> 0 | M9: =H9-(K9+L9) -> 0 | X9: =Z9/35 -> 0 | Y9: =Z9/36 -> 0 | AD9: =SUM(AA9+AB9) -> 0 | AE9: =AD9-AC9 -> 0
H10: =SUM(D10+F10) -> 0 | J10: =I10-H10 -> 0 | M10: =H10-(K10+L10) -> 0 | X10: =Z10/35 -> 0 | Y10: =Z10/36 -> 0 | AD10: =SUM(AA10+AB10) -> 0 | AE10: =AD10-AC10 -> 0
H11: =SUM(D11+F11) -> 0 | J11: =I11-H11 -> 0 | M11: =H11-(K11+L11) -> 0 | X11: =Z11/35 -> 0 | Y11: =Z11/36 -> 0 | AD11: =SUM(AA11+AB11) -> 0 | AE11: =AD11-AC11 -> 0
H12: =SUM(D12+F12) -> 0 | J12: =I12-H12 -> 0 | M12: =H12-(K12+L12) -> 0 | X12: =Z12/35 -> 0 | Y12: =Z12/36 -> 0 | AD12: =SUM(AA12+AB12) -> 0 | AE12: =AD12-AC12 -> 0
H13: =SUM(D13+F13) -> 0 | J13: =I13-H13 -> 0 | M13: =H13-(K13+L13) -> 0 | X13: =Z13/35 -> 0 | Y13: =Z13/36 -> 0 | AD13: =SUM(AA13+AB13) -> 0 | AE13: =AD13-AC13 -> 0
H14: =SUM(D14+F14) -> 0 | J14: =I14-H14 -> 0 | M14: =H14-(K14+L14) -> 0 | X14: =Z14/35 -> 0 | Y14: =Z14/36 -> 0 | AD14: =SUM(AA14+AB14) -> 0 | AE14: =AD14-AC14 -> 0
H15: =SUM(D15+F15) -> 0 | J15: =I15-H15 -> 0 | M15: =H15-(K15+L15) -> 0 | X15: =Z15/35 -> 0 | Y15: =Z15/36 -> 0 | AD15: =SUM(AA15+AB15) -> 0 | AE15: =AD15-AC15 -> 0
H16: =SUM(D16+F16) -> 0 | J16: =I16-H16 -> 0 | M16: =H16-(K16+L16) -> 0 | X16: =Z16/35 -> 0 | Y16: =Z16/36 -> 0 | AD16: =SUM(AA16+AB16) -> 0 | AE16: =AD16-AC16 -> 0
H17: =SUM(D17+F17) -> 0 | J17: =I17-H17 -> 0 | M17: =H17-(K17+L17) -> 0 | X17: =Z17/35 -> 0 | Y17: =Z17/36 -> 0 | AD17: =SUM(AA17+AB17) -> 0 | AE17: =AD17-AC17 -> 0
... H35: =SUM(D35+F35) -> 0 | J35: =I35-H35 -> 0 | M35: =H35-(K35+L35) -> 0 | X35: =Z35/35 -> 0 | Y35: =Z35/36 -> 0 | AD35: =SUM(AA35+AB35) -> 0 | AE35: =AD35-AC35 -> 0
C36: Totals/Averages | D36: =SUM(D6:D35) -> 0 | F36: =SUM(F6:F35) -> 0 | H36: =SUM(H6:H35) -> 0 | I36: =SUM(I6:I35) -> 0 | J36: =I36-H36 -> 0 | K36: =SUM(K6:K35) -> 0 | L36: =SUM(L6:L35) -> 0 | M36: =H36-K36 -> 0 | N36: =AVERAGE(N6:N35) -> #DIV/0! | P36: =AVERAGE(P6:P35) -> #DIV/0! | Q36: =AVERAGE(Q6:Q35) -> #DIV/0! | S36: =AVERAGE(S6:S35) -> #DIV/0! | T36: =AVERAGE(T6:T35) -> #DIV/0! | U36: =AVERAGE(U6:U35) -> #DIV/0! | V36: =AVERAGE(V6:V35) -> #DIV/0! | W36: =AVERAGE(W6:W35) -> #DIV/0! | X36: =AVERAGE(X6:X35) -> 0 | Y36: =AVERAGE(Y6:Y35) -> 0 | Z36: =AVERAGE(Z6:Z35) -> #DIV/0! | ... AE36: =AVERAGE(AE6:AE35) -> 0

Sheet April
C3: Health of the Inventory Tracker April 2026
D4: Fronts Total | F4: Backs Total
C5: Date | D5: Loading Total | E5: Fronts Crew | F5: Loading Total | G5: Backs Crew | H5: 24 hr. Loaded Total | I5: Plant Production | J5: Delta to Inventory | K5: Drop | L5: DFS Loads | M5: Loaded vs. Drop | N5: Inventory | O5: Inventory Movement | P5: Late Loads | Q5: Roll Over Loads | R5: Run-out | S5: Available Bins | T5: Bins Made | U5: Bin Cons | V5: Loading Teams | W5: Pickers | X5: NVP | Y5: Un-received Pallets | Z5: Total Tires | AA5: Front Loads | AB5: Back Loads | AC5: Actual Load Drop | AD5: Total Loads | AE5: Delta
H6: =SUM(D6+F6) -> 0 | J6: =I6-H6 -> 0 | M6: =H6-(K6+L6) -> 0 | X6: =Z6/35 -> 0 | Y6: =Z6/36 -> 0 | AD6: =SUM(AA6+AB6) -> 0 | AE6: =AD6-AC6 -> 0
H7: =SUM(D7+F7) -> 0 | J7: =I7-H7 -> 0 | M7: =H7-(K7+L7) -> 0 | X7: =Z7/35 -> 0 | Y7: =Z7/36 -> 0 | AD7: =SUM(AA7+AB7) -> 0 | AE7: =AD7-AC7 -> 0
H8: =SUM(D8+F8) -> 0 | J8: =I8-H8 -> 0 | M8: =H8-(K8+L8) -> 0 | X8: =Z8/35 -> 0 | Y8: =Z8/36 -> 0 | AD8: =SUM(AA8+AB8) -> 0 | AE8: =AD8-AC8 -> 0
H9: =SUM(D9+F9) -> 0 | J9: =I9-H9 -> 0 | M9: =H9-(K9+L9) -> 0 | X9: =Z9/35 -> 0 | Y9: =Z9/36 -> 0 | AD9: =SUM(AA9+AB9) -> 0 | AE9: =AD9-AC9 -> 0
H10: =SUM(D10+F10) -> 0 | J10: =I10-H10 -> 0 | M10: =H10-(K10+L10) -> 0 | X10: =Z10/35 -> 0 | Y10: =Z10/36 -> 0 | AD10: =SUM(AA10+AB10) -> 0 | AE10: =AD10-AC10 -> 0
H11: =SUM(D11+F11) -> 0 | J11: =I11-H11 -> 0 | M11: =H11-(K11+L11) -> 0 | X11: =Z11/35 -> 0 | Y11: =Z11/36 -> 0 | AD11: =SUM(AA11+AB11) -> 0 | AE11: =AD11-AC11 -> 0
H12: =SUM(D12+F12) -> 0 | J12: =I12-H12 -> 0 | M12: =H12-(K12+L12) -> 0 | X12: =Z12/35 -> 0 | Y12: =Z12/36 -> 0 | AD12: =SUM(AA12+AB12) -> 0 | AE12: =AD12-AC12 -> 0
H13: =SUM(D13+F13) -> 0 | J13: =I13-H13 -> 0 | M13: =H13-(K13+L13) -> 0 | X13: =Z13/35 -> 0 | Y13: =Z13/36 -> 0 | AD13: =SUM(AA13+AB13) -> 0 | AE13: =AD13-AC13 -> 0
H14: =SUM(D14+F14) -> 0 | J14: =I14-H14 -> 0 | M14: =H14-(K14+L14) -> 0 | X14: =Z14/35 -> 0 | Y14: =Z14/36 -> 0 | AD14: =SUM(AA14+AB14) -> 0 | AE14: =AD14-AC14 -> 0
H15: =SUM(D15+F15) -> 0 | J15: =I15-H15 -> 0 | M15: =H15-(K15+L15) -> 0 | X15: =Z15/35 -> 0 | Y15: =Z15/36 -> 0 | AD15: =SUM(AA15+AB15) -> 0 | AE15: =AD15-AC15 -> 0
H16: =SUM(D16+F16) -> 0 | J16: =I16-H16 -> 0 | M16: =H16-(K16+L16) -> 0 | X16: =Z16/35 -> 0 | Y16: =Z16/36 -> 0 | AD16: =SUM(AA16+AB16) -> 0 | AE16: =AD16-AC16 -> 0
H17: =SUM(D17+F17) -> 0 | J17: =I17-H17 -> 0 | M17: =H17-(K17+L17) -> 0 | X17: =Z17/35 -> 0 | Y17: =Z17/36 -> 0 | AD17: =SUM(AA17+AB17) -> 0 | AE17: =AD17-AC17 -> 0
... H35: =SUM(D35+F35) -> 0 | J35: =I35-H35 -> 0 | M35: =H35-(K35+L35) -> 0 | X35: =Z35/35 -> 0 | Y35: =Z35/36 -> 0 | AD35: =SUM(AA35+AB35) -> 0 | AE35: =AD35-AC35 -> 0
C36: Totals/Averages | D36: =SUM(D6:D35) -> 0 | F36: =SUM(F6:F35) -> 0 | H36: =SUM(H6:H35) -> 0 | I36: =SUM(I6:I35) -> 0 | J36: =I36-H36 -> 0 | K36: =SUM(K6:K35) -> 0 | L36: =SUM(L6:L35) -> 0 | M36: =H36-K36 -> 0 | N36: =AVERAGE(N6:N35) -> #DIV/0! | P36: =AVERAGE(P6:P35) -> #DIV/0! | Q36: =AVERAGE(Q6:Q35) -> #DIV/0! | S36: =AVERAGE(S6:S35) -> #DIV/0! | T36: =AVERAGE(T6:T35) -> #DIV/0! | U36: =AVERAGE(U6:U35) -> #DIV/0! | V36: =AVERAGE(V6:V35) -> #DIV/0! | W36: =AVERAGE(W6:W35) -> #DIV/0! | X36: =AVERAGE(X6:X35) -> 0 | Y36: =AVERAGE(Y6:Y35) -> 0 | Z36: =AVERAGE(Z6:Z35) -> #DIV/0! | ... AE36: =AVERAGE(AE6:AE35) -> 0

Sheet May
C3: Health of the Inventory Tracker May 2026
D4: Fronts Total | F4: Backs Total
C5: Date | D5: Loading Total | E5: Fronts Crew | F5: Loading Total | G5: Backs Crew | H5: 24 hr. Loaded Total | I5: Plant Production | J5: Delta to Inventory | K5: Drop | L5: DFS Loads | M5: Loaded vs. Drop | N5: Inventory | O5: Inventory Movement | P5: Late Loads | Q5: Roll Over Loads | R5: Run-out | S5: Available Bins | T5: Bins Made | U5: Bin Cons | V5: Loading Teams | W5: Pickers | X5: NVP | Y5: Un-received Pallets | Z5: Total Tires | AA5: Front Loads | AB5: Back Loads | AC5: Actual Load Drop | AD5: Total Loads | AE5: Delta
H6: =SUM(D6+F6) -> 0 | J6: =I6-H6 -> 0 | M6: =H6-(K6+L6) -> 0 | X6: =Z6/35 -> 0 | Y6: =Z6/36 -> 0 | AD6: =SUM(AA6+AB6) -> 0 | AE6: =AD6-AC6 -> 0
H7: =SUM(D7+F7) -> 0 | J7: =I7-H7 -> 0 | M7: =H7-(K7+L7) -> 0 | X7: =Z7/35 -> 0 | Y7: =Z7/36 -> 0 | AD7: =SUM(AA7+AB7) -> 0 | AE7: =AD7-AC7 -> 0
H8: =SUM(D8+F8) -> 0 | J8: =I8-H8 -> 0 | M8: =H8-(K8+L8) -> 0 | X8: =Z8/35 -> 0 | Y8: =Z8/36 -> 0 | AD8: =SUM(AA8+AB8) -> 0 | AE8: =AD8-AC8 -> 0
H9: =SUM(D9+F9) -> 0 | J9: =I9-H9 -> 0 | M9: =H9-(K9+L9) -> 0 | X9: =Z9/35 -> 0 | Y9: =Z9/36 -> 0 | AD9: =SUM(AA9+AB9) -> 0 | AE9: =AD9-AC9 -> 0
H10: =SUM(D10+F10) -> 0 | J10: =I10-H10 -> 0 | M10: =H10-(K10+L10) -> 0 | X10: =Z10/35 -> 0 | Y10: =Z10/36 -> 0 | AD10: =SUM(AA10+AB10) -> 0 | AE10: =AD10-AC10 -> 0
H11: =SUM(D11+F11) -> 0 | J11: =I11-H11 -> 0 | M11: =H11-(K11+L11) -> 0 | X11: =Z11/35 -> 0 | Y11: =Z11/36 -> 0 | AD11: =SUM(AA11+AB11) -> 0 | AE11: =AD11-AC11 -> 0
H12: =SUM(D12+F12) -> 0 | J12: =I12-H12 -> 0 | M12: =H12-(K12+L12) -> 0 | X12: =Z12/35 -> 0 | Y12: =Z12/36 -> 0 | AD12: =SUM(AA12+AB12) -> 0 | AE12: =AD12-AC12 -> 0
H13: =SUM(D13+F13) -> 0 | J13: =I13-H13 -> 0 | M13: =H13-(K13+L13) -> 0 | X13: =Z13/35 -> 0 | Y13: =Z13/36 -> 0 | AD13: =SUM(AA13+AB13) -> 0 | AE13: =AD13-AC13 -> 0
H14: =SUM(D14+F14) -> 0 | J14: =I14-H14 -> 0 | M14: =H14-(K14+L14) -> 0 | X14: =Z14/35 -> 0 | Y14: =Z14/36 -> 0 | AD14: =SUM(AA14+AB14) -> 0 | AE14: =AD14-AC14 -> 0
H15: =SUM(D15+F15) -> 0 | J15: =I15-H15 -> 0 | M15: =H15-(K15+L15) -> 0 | X15: =Z15/35 -> 0 | Y15: =Z15/36 -> 0 | AD15: =SUM(AA15+AB15) -> 0 | AE15: =AD15-AC15 -> 0
H16: =SUM(D16+F16) -> 0 | J16: =I16-H16 -> 0 | M16: =H16-(K16+L16) -> 0 | X16: =Z16/35 -> 0 | Y16: =Z16/36 -> 0 | AD16: =SUM(AA16+AB16) -> 0 | AE16: =AD16-AC16 -> 0
H17: =SUM(D17+F17) -> 0 | J17: =I17-H17 -> 0 | M17: =H17-(K17+L17) -> 0 | X17: =Z17/35 -> 0 | Y17: =Z17/36 -> 0 | AD17: =SUM(AA17+AB17) -> 0 | AE17: =AD17-AC17 -> 0
... H35: =SUM(D35+F35) -> 0 | J35: =I35-H35 -> 0 | M35: =H35-(K35+L35) -> 0 | X35: =Z35/35 -> 0 | Y35: =Z35/36 -> 0 | AD35: =SUM(AA35+AB35) -> 0 | AE35: =AD35-AC35 -> 0
C36: Totals/Averages | D36: =SUM(D6:D35) -> 0 | F36: =SUM(F6:F35) -> 0 | H36: =SUM(H6:H35) -> 0 | I36: =SUM(I6:I35) -> 0 | J36: =I36-H36 -> 0 | K36: =SUM(K6:K35) -> 0 | L36: =SUM(L6:L35) -> 0 | M36: =H36-K36 -> 0 | N36: =AVERAGE(N6:N35) -> #DIV/0! | P36: =AVERAGE(P6:P35) -> #DIV/0! | Q36: =AVERAGE(Q6:Q35) -> #DIV/0! | S36: =AVERAGE(S6:S35) -> #DIV/0! | T36: =AVERAGE(T6:T35) -> #DIV/0! | U36: =AVERAGE(U6:U35) -> #DIV/0! | V36: =AVERAGE(V6:V35) -> #DIV/0! | W36: =AVERAGE(W6:W35) -> #DIV/0! | X36: =AVERAGE(X6:X35) -> 0 | Y36: =AVERAGE(Y6:Y35) -> 0 | Z36: =AVERAGE(Z6:Z35) -> #DIV/0! | ... AE36: =AVERAGE(AE6:AE35) -> 0

Sheet June
C3: Health of the Inventory Tracker June 2026
D4: Fronts Total | F4: Backs Total
C5: Date | D5: Loading Total | E5: Fronts Crew | F5: Loading Total | G5: Backs Crew | H5: 24 hr. Loaded Total | I5: Plant Production | J5: Delta to Inventory | K5: Drop | L5: DFS Loads | M5: Loaded vs. Drop | N5: Inventory | O5: Inventory Movement | P5: Late Loads | Q5: Roll Over Loads | R5: Run-out | S5: Available Bins | T5: Bins Made | U5: Bin Cons | V5: Loading Teams | W5: Pickers | X5: NVP | Y5: Un-received Pallets | Z5: Total Tires | AA5: Front Loads | AB5: Back Loads | AC5: Actual Load Drop | AD5: Total Loads | AE5: Delta
H6: =SUM(D6+F6) -> 0 | J6: =I6-H6 -> 0 | M6: =H6-(K6+L6) -> 0 | X6: =Z6/35 -> 0 | Y6: =Z6/36 -> 0 | AD6: =SUM(AA6+AB6) -> 0 | AE6: =AD6-AC6 -> 0
H7: =SUM(D7+F7) -> 0 | J7: =I7-H7 -> 0 | M7: =H7-(K7+L7) -> 0 | X7: =Z7/35 -> 0 | Y7: =Z7/36 -> 0 | AD7: =SUM(AA7+AB7) -> 0 | AE7: =AD7-AC7 -> 0
H8: =SUM(D8+F8) -> 0 | J8: =I8-H8 -> 0 | M8: =H8-(K8+L8) -> 0 | X8: =Z8/35 -> 0 | Y8: =Z8/36 -> 0 | AD8: =SUM(AA8+AB8) -> 0 | AE8: =AD8-AC8 -> 0
H9: =SUM(D9+F9) -> 0 | J9: =I9-H9 -> 0 | M9: =H9-(K9+L9) -> 0 | X9: =Z9/35 -> 0 | Y9: =Z9/36 -> 0 | AD9: =SUM(AA9+AB9) -> 0 | AE9: =AD9-AC9 -> 0
H10: =SUM(D10+F10) -> 0 | J10: =I10-H10 -> 0 | M10: =H10-(K10+L10) -> 0 | X10: =Z10/35 -> 0 | Y10: =Z10/36 -> 0 | AD10: =SUM(AA10+AB10) -> 0 | AE10: =AD10-AC10 -> 0
H11: =SUM(D11+F11) -> 0 | J11: =I11-H11 -> 0 | M11: =H11-(K11+L11) -> 0 | X11: =Z11/35 -> 0 | Y11: =Z11/36 -> 0 | AD11: =SUM(AA11+AB11) -> 0 | AE11: =AD11-AC11 -> 0
H12: =SUM(D12+F12) -> 0 | J12: =I12-H12 -> 0 | M12: =H12-(K12+L12) -> 0 | X12: =Z12/35 -> 0 | Y12: =Z12/36 -> 0 | AD12: =SUM(AA12+AB12) -> 0 | AE12: =AD12-AC12 -> 0
H13: =SUM(D13+F13) -> 0 | J13: =I13-H13 -> 0 | M13: =H13-(K13+L13) -> 0 | X13: =Z13/35 -> 0 | Y13: =Z13/36 -> 0 | AD13: =SUM(AA13+AB13) -> 0 | AE13: =AD13-AC13 -> 0
H14: =SUM(D14+F14) -> 0 | J14: =I14-H14 -> 0 | M14: =H14-(K14+L14) -> 0 | X14: =Z14/35 -> 0 | Y14: =Z14/36 -> 0 | AD14: =SUM(AA14+AB14) -> 0 | AE14: =AD14-AC14 -> 0
H15: =SUM(D15+F15) -> 0 | J15: =I15-H15 -> 0 | M15: =H15-(K15+L15) -> 0 | X15: =Z15/35 -> 0 | Y15: =Z15/36 -> 0 | AD15: =SUM(AA15+AB15) -> 0 | AE15: =AD15-AC15 -> 0
H16: =SUM(D16+F16) -> 0 | J16: =I16-H16 -> 0 | M16: =H16-(K16+L16) -> 0 | X16: =Z16/35 -> 0 | Y16: =Z16/36 -> 0 | AD16: =SUM(AA16+AB16) -> 0 | AE16: =AD16-AC16 -> 0
H17: =SUM(D17+F17) -> 0 | J17: =I17-H17 -> 0 | M17: =H17-(K17+L17) -> 0 | X17: =Z17/35 -> 0 | Y17: =Z17/36 -> 0 | AD17: =SUM(AA17+AB17) -> 0 | AE17: =AD17-AC17 -> 0
... H35: =SUM(D35+F35) -> 0 | J35: =I35-H35 -> 0 | M35: =H35-(K35+L35) -> 0 | X35: =Z35/35 -> 0 | Y35: =Z35/36 -> 0 | AD35: =SUM(AA35+AB35) -> 0 | AE35: =AD35-AC35 -> 0
C36: Totals/Averages | D36: =SUM(D6:D35) -> 0 | F36: =SUM(F6:F35) -> 0 | H36: =SUM(H6:H35) -> 0 | I36: =SUM(I6:I35) -> 0 | J36: =I36-H36 -> 0 | K36: =SUM(K6:K35) -> 0 | L36: =SUM(L6:L35) -> 0 | M36: =H36-K36 -> 0 | N36: =AVERAGE(N6:N35) -> #DIV/0! | P36: =AVERAGE(P6:P35) -> #DIV/0! | Q36: =AVERAGE(Q6:Q35) -> #DIV/0! | S36: =AVERAGE(S6:S35) -> #DIV/0! | T36: =AVERAGE(T6:T35) -> #DIV/0! | U36: =AVERAGE(U6:U35) -> #DIV/0! | V36: =AVERAGE(V6:V35) -> #DIV/0! | W36: =AVERAGE(W6:W35) -> #DIV/0! | X36: =AVERAGE(X6:X35) -> 0 | Y36: =AVERAGE(Y6:Y35) -> 0 | Z36: =AVERAGE(Z6:Z35) -> #DIV/0! | ... AE36: =AVERAGE(AE6:AE35) -> 0

Sheet July
C3: Health of the Inventory Tracker July 2026
D4: Fronts Total | F4: Backs Total
C5: Date | D5: Loading Total | E5: Fronts Crew | F5: Loading Total | G5: Backs Crew | H5: 24 hr. Loaded Total | I5: Plant Production | J5: Delta to Inventory | K5: Drop | L5: DFS Loads | M5: Loaded vs. Drop | N5: Inventory | O5: Inventory Movement | P5: Late Loads | Q5: Roll Over Loads | R5: Run-out | S5: Available Bins | T5: Bins Made | U5: Bin Cons | V5: Loading Teams | W5: Pickers | X5: NVP | Y5: Un-received Pallets | Z5: Total Tires | AA5: Front Loads | AB5: Back Loads | AC5: Actual Load Drop | AD5: Total Loads | AE5: Delta
H6: =SUM(D6+F6) -> 0 | J6: =I6-H6 -> 0 | M6: =H6-(K6+L6) -> 0 | X6: =Z6/35 -> 0 | Y6: =Z6/36 -> 0 | AD6: =SUM(AA6+AB6) -> 0 | AE6: =AD6-AC6 -> 0
H7: =SUM(D7+F7) -> 0 | J7: =I7-H7 -> 0 | M7: =H7-(K7+L7) -> 0 | X7: =Z7/35 -> 0 | Y7: =Z7/36 -> 0 | AD7: =SUM(AA7+AB7) -> 0 | AE7: =AD7-AC7 -> 0
H8: =SUM(D8+F8) -> 0 | J8: =I8-H8 -> 0 | M8: =H8-(K8+L8) -> 0 | X8: =Z8/35 -> 0 | Y8: =Z8/36 -> 0 | AD8: =SUM(AA8+AB8) -> 0 | AE8: =AD8-AC8 -> 0
H9: =SUM(D9+F9) -> 0 | J9: =I9-H9 -> 0 | M9: =H9-(K9+L9) -> 0 | X9: =Z9/35 -> 0 | Y9: =Z9/36 -> 0 | AD9: =SUM(AA9+AB9) -> 0 | AE9: =AD9-AC9 -> 0
H10: =SUM(D10+F10) -> 0 | J10: =I10-H10 -> 0 | M10: =H10-(K10+L10) -> 0 | X10: =Z10/35 -> 0 | Y10: =Z10/36 -> 0 | AD10: =SUM(AA10+AB10) -> 0 | AE10: =AD10-AC10 -> 0
H11: =SUM(D11+F11) -> 0 | J11: =I11-H11 -> 0 | M11: =H11-(K11+L11) -> 0 | X11: =Z11/35 -> 0 | Y11: =Z11/36 -> 0 | AD11: =SUM(AA11+AB11) -> 0 | AE11: =AD11-AC11 -> 0
H12: =SUM(D12+F12) -> 0 | J12: =I12-H12 -> 0 | M12: =H12-(K12+L12) -> 0 | X12: =Z12/35 -> 0 | Y12: =Z12/36 -> 0 | AD12: =SUM(AA12+AB12) -> 0 | AE12: =AD12-AC12 -> 0
H13: =SUM(D13+F13) -> 0 | J13: =I13-H13 -> 0 | M13: =H13-(K13+L13) -> 0 | X13: =Z13/35 -> 0 | Y13: =Z13/36 -> 0 | AD13: =SUM(AA13+AB13) -> 0 | AE13: =AD13-AC13 -> 0
H14: =SUM(D14+F14) -> 0 | J14: =I14-H14 -> 0 | M14: =H14-(K14+L14) -> 0 | X14: =Z14/35 -> 0 | Y14: =Z14/36 -> 0 | AD14: =SUM(AA14+AB14) -> 0 | AE14: =AD14-AC14 -> 0
H15: =SUM(D15+F15) -> 0 | J15: =I15-H15 -> 0 | M15: =H15-(K15+L15) -> 0 | X15: =Z15/35 -> 0 | Y15: =Z15/36 -> 0 | AD15: =SUM(AA15+AB15) -> 0 | AE15: =AD15-AC15 -> 0
H16: =SUM(D16+F16) -> 0 | J16: =I16-H16 -> 0 | M16: =H16-(K16+L16) -> 0 | X16: =Z16/35 -> 0 | Y16: =Z16/36 -> 0 | AD16: =SUM(AA16+AB16) -> 0 | AE16: =AD16-AC16 -> 0
H17: =SUM(D17+F17) -> 0 | J17: =I17-H17 -> 0 | M17: =H17-(K17+L17) -> 0 | X17: =Z17/35 -> 0 | Y17: =Z17/36 -> 0 | AD17: =SUM(AA17+AB17) -> 0 | AE17: =AD17-AC17 -> 0
... H35: =SUM(D35+F35) -> 0 | J35: =I35-H35 -> 0 | M35: =H35-(K35+L35) -> 0 | X35: =Z35/35 -> 0 | Y35: =Z35/36 -> 0 | AD35: =SUM(AA35+AB35) -> 0 | AE35: =AD35-AC35 -> 0
C36: Totals/Averages | D36: =SUM(D6:D35) -> 0 | F36: =SUM(F6:F35) -> 0 | H36: =SUM(H6:H35) -> 0 | I36: =SUM(I6:I35) -> 0 | J36: =I36-H36 -> 0 | K36: =SUM(K6:K35) -> 0 | L36: =SUM(L6:L35) -> 0 | M36: =H36-K36 -> 0 | N36: =AVERAGE(N6:N35) -> #DIV/0! | P36: =AVERAGE(P6:P35) -> #DIV/0! | Q36: =AVERAGE(Q6:Q35) -> #DIV/0! | S36: =AVERAGE(S6:S35) -> #DIV/0! | T36: =AVERAGE(T6:T35) -> #DIV/0! | U36: =AVERAGE(U6:U35) -> #DIV/0! | V36: =AVERAGE(V6:V35) -> #DIV/0! | W36: =AVERAGE(W6:W35) -> #DIV/0! | X36: =AVERAGE(X6:X35) -> 0 | Y36: =AVERAGE(Y6:Y35) -> 0 | Z36: =AVERAGE(Z6:Z35) -> #DIV/0! | ... AE36: =AVERAGE(AE6:AE35) -> 0

Sheet Aug
C3: Health of the Inventory Tracker August 2026
D4: Fronts Total | F4: Backs Total
C5: Date | D5: Loading Total | E5: Fronts Crew | F5: Loading Total | G5: Backs Crew | H5: 24 hr. Loaded Total | I5: Plant Production | J5: Delta to Inventory | K5: Drop | L5: DFS Loads | M5: Loaded vs. Drop | N5: Inventory | O5: Inventory Movement | P5: Late Loads | Q5: Roll Over Loads | R5: Run-out | S5: Available Bins | T5: Bins Made | U5: Bin Cons | V5: Loading Teams | W5: Pickers | X5: NVP | Y5: Un-received Pallets | Z5: Total Tires | AA5: Front Loads | AB5: Back Loads | AC5: Actual Load Drop | AD5: Total Loads | AE5: Delta
H6: =SUM(D6+F6) -> 0 | J6: =I6-H6 -> 0 | M6: =H6-(K6+L6) -> 0 | X6: =Z6/35 -> 0 | Y6: =Z6/36 -> 0 | AD6: =SUM(AA6+AB6) -> 0 | AE6: =AD6-AC6 -> 0
H7: =SUM(D7+F7) -> 0 | J7: =I7-H7 -> 0 | M7: =H7-(K7+L7) -> 0 | X7: =Z7/35 -> 0 | Y7: =Z7/36 -> 0 | AD7: =SUM(AA7+AB7) -> 0 | AE7: =AD7-AC7 -> 0
H8: =SUM(D8+F8) -> 0 | J8: =I8-H8 -> 0 | M8: =H8-(K8+L8) -> 0 | X8: =Z8/35 -> 0 | Y8: =Z8/36 -> 0 | AD8: =SUM(AA8+AB8) -> 0 | AE8: =AD8-AC8 -> 0
H9: =SUM(D9+F9) -> 0 | J9: =I9-H9 -> 0 | M9: =H9-(K9+L9) -> 0 | X9: =Z9/35 -> 0 | Y9: =Z9/36 -> 0 | AD9: =SUM(AA9+AB9) -> 0 | AE9: =AD9-AC9 -> 0
H10: =SUM(D10+F10) -> 0 | J10: =I10-H10 -> 0 | M10: =H10-(K10+L10) -> 0 | X10: =Z10/35 -> 0 | Y10: =Z10/36 -> 0 | AD10: =SUM(AA10+AB10) -> 0 | AE10: =AD10-AC10 -> 0
H11: =SUM(D11+F11) -> 0 | J11: =I11-H11 -> 0 | M11: =H11-(K11+L11) -> 0 | X11: =Z11/35 -> 0 | Y11: =Z11/36 -> 0 | AD11: =SUM(AA11+AB11) -> 0 | AE11: =AD11-AC11 -> 0
H12: =SUM(D12+F12) -> 0 | J12: =I12-H12 -> 0 | M12: =H12-(K12+L12) -> 0 | X12: =Z12/35 -> 0 | Y12: =Z12/36 -> 0 | AD12: =SUM(AA12+AB12) -> 0 | AE12: =AD12-AC12 -> 0
H13: =SUM(D13+F13) -> 0 | J13: =I13-H13 -> 0 | M13: =H13-(K13+L13) -> 0 | X13: =Z13/35 -> 0 | Y13: =Z13/36 -> 0 | AD13: =SUM(AA13+AB13) -> 0 | AE13: =AD13-AC13 -> 0
H14: =SUM(D14+F14) -> 0 | J14: =I14-H14 -> 0 | M14: =H14-(K14+L14) -> 0 | X14: =Z14/35 -> 0 | Y14: =Z14/36 -> 0 | AD14: =SUM(AA14+AB14) -> 0 | AE14: =AD14-AC14 -> 0
H15: =SUM(D15+F15) -> 0 | J15: =I15-H15 -> 0 | M15: =H15-(K15+L15) -> 0 | X15: =Z15/35 -> 0 | Y15: =Z15/36 -> 0 | AD15: =SUM(AA15+AB15) -> 0 | AE15: =AD15-AC15 -> 0
H16: =SUM(D16+F16) -> 0 | J16: =I16-H16 -> 0 | M16: =H16-(K16+L16) -> 0 | X16: =Z16/35 -> 0 | Y16: =Z16/36 -> 0 | AD16: =SUM(AA16+AB16) -> 0 | AE16: =AD16-AC16 -> 0
H17: =SUM(D17+F17) -> 0 | J17: =I17-H17 -> 0 | M17: =H17-(K17+L17) -> 0 | X17: =Z17/35 -> 0 | Y17: =Z17/36 -> 0 | AD17: =SUM(AA17+AB17) -> 0 | AE17: =AD17-AC17 -> 0
... H35: =SUM(D35+F35) -> 0 | J35: =I35-H35 -> 0 | M35: =H35-(K35+L35) -> 0 | X35: =Z35/35 -> 0 | Y35: =Z35/36 -> 0 | AD35: =SUM(AA35+AB35) -> 0 | AE35: =AD35-AC35 -> 0
C36: Totals/Averages | D36: =SUM(D6:D35) -> 0 | F36: =SUM(F6:F35) -> 0 | H36: =SUM(H6:H35) -> 0 | I36: =SUM(I6:I35) -> 0 | J36: =I36-H36 -> 0 | K36: =SUM(K6:K35) -> 0 | L36: =SUM(L6:L35) -> 0 | M36: =H36-K36 -> 0 | N36: =AVERAGE(N6:N35) -> #DIV/0! | P36: =AVERAGE(P6:P35) -> #DIV/0! | Q36: =AVERAGE(Q6:Q35) -> #DIV/0! | S36: =AVERAGE(S6:S35) -> #DIV/0! | T36: =AVERAGE(T6:T35) -> #DIV/0! | U36: =AVERAGE(U6:U35) -> #DIV/0! | V36: =AVERAGE(V6:V35) -> #DIV/0! | W36: =AVERAGE(W6:W35) -> #DIV/0! | X36: =AVERAGE(X6:X35) -> 0 | Y36: =AVERAGE(Y6:Y35) -> 0 | Z36: =AVERAGE(Z6:Z35) -> #DIV/0! | ... AE36: =AVERAGE(AE6:AE35) -> 0

Sheet Sept
C3: Health of the Inventory Tracker September 2026
D4: Fronts Total | F4: Backs Total
C5: Date | D5: Loading Total | E5: Fronts Crew | F5: Loading Total | G5: Backs Crew | H5: 24 hr. Loaded Total | I5: Plant Production | J5: Delta to Inventory | K5: Drop | L5: DFS Loads | M5: Loaded vs. Drop | N5: Inventory | O5: Inventory Movement | P5: Late Loads | Q5: Roll Over Loads | R5: Run-out | S5: Available Bins | T5: Bins Made | U5: Bin Cons | V5: Loading Teams | W5: Pickers | X5: NVP | Y5: Un-received Pallets | Z5: Total Tires | AA5: Front Loads | AB5: Back Loads | AC5: Actual Load Drop | AD5: Total Loads | AE5: Delta
H6: =SUM(D6+F6) -> 0 | J6: =I6-H6 -> 0 | M6: =H6-(K6+L6) -> 0 | X6: =Z6/35 -> 0 | Y6: =Z6/36 -> 0 | AD6: =SUM(AA6+AB6) -> 0 | AE6: =AD6-AC6 -> 0
H7: =SUM(D7+F7) -> 0 | J7: =I7-H7 -> 0 | M7: =H7-(K7+L7) -> 0 | X7: =Z7/35 -> 0 | Y7: =Z7/36 -> 0 | AD7: =SUM(AA7+AB7) -> 0 | AE7: =AD7-AC7 -> 0
H8: =SUM(D8+F8) -> 0 | J8: =I8-H8 -> 0 | M8: =H8-(K8+L8) -> 0 | X8: =Z8/35 -> 0 | Y8: =Z8/36 -> 0 | AD8: =SUM(AA8+AB8) -> 0 | AE8: =AD8-AC8 -> 0
H9: =SUM(D9+F9) -> 0 | J9: =I9-H9 -> 0 | M9: =H9-(K9+L9) -> 0 | X9: =Z9/35 -> 0 | Y9: =Z9/36 -> 0 | AD9: =SUM(AA9+AB9) -> 0 | AE9: =AD9-AC9 -> 0
H10: =SUM(D10+F10) -> 0 | J10: =I10-H10 -> 0 | M10: =H10-(K10+L10) -> 0 | X10: =Z10/35 -> 0 | Y10: =Z10/36 -> 0 | AD10: =SUM(AA10+AB10) -> 0 | AE10: =AD10-AC10 -> 0
H11: =SUM(D11+F11) -> 0 | J11: =I11-H11 -> 0 | M11: =H11-(K11+L11) -> 0 | X11: =Z11/35 -> 0 | Y11: =Z11/36 -> 0 | AD11: =SUM(AA11+AB11) -> 0 | AE11: =AD11-AC11 -> 0
H12: =SUM(D12+F12) -> 0 | J12: =I12-H12 -> 0 | M12: =H12-(K12+L12) -> 0 | X12: =Z12/35 -> 0 | Y12: =Z12/36 -> 0 | AD12: =SUM(AA12+AB12) -> 0 | AE12: =AD12-AC12 -> 0
H13: =SUM(D13+F13) -> 0 | J13: =I13-H13 -> 0 | M13: =H13-(K13+L13) -> 0 | X13: =Z13/35 -> 0 | Y13: =Z13/36 -> 0 | AD13: =SUM(AA13+AB13) -> 0 | AE13: =AD13-AC13 -> 0
H14: =SUM(D14+F14) -> 0 | J14: =I14-H14 -> 0 | M14: =H14-(K14+L14) -> 0 | X14: =Z14/35 -> 0 | Y14: =Z14/36 -> 0 | AD14: =SUM(AA14+AB14) -> 0 | AE14: =AD14-AC14 -> 0
H15: =SUM(D15+F15) -> 0 | J15: =I15-H15 -> 0 | M15: =H15-(K15+L15) -> 0 | X15: =Z15/35 -> 0 | Y15: =Z15/36 -> 0 | AD15: =SUM(AA15+AB15) -> 0 | AE15: =AD15-AC15 -> 0
H16: =SUM(D16+F16) -> 0 | J16: =I16-H16 -> 0 | M16: =H16-(K16+L16) -> 0 | X16: =Z16/35 -> 0 | Y16: =Z16/36 -> 0 | AD16: =SUM(AA16+AB16) -> 0 | AE16: =AD16-AC16 -> 0
H17: =SUM(D17+F17) -> 0 | J17: =I17-H17 -> 0 | M17: =H17-(K17+L17) -> 0 | X17: =Z17/35 -> 0 | Y17: =Z17/36 -> 0 | AD17: =SUM(AA17+AB17) -> 0 | AE17: =AD17-AC17 -> 0
... H35: =SUM(D35+F35) -> 0 | J35: =I35-H35 -> 0 | M35: =H35-(K35+L35) -> 0 | X35: =Z35/35 -> 0 | Y35: =Z35/36 -> 0 | AD35: =SUM(AA35+AB35) -> 0 | AE35: =AD35-AC35 -> 0
C36: Totals/Averages | D36: =SUM(D6:D35) -> 0 | F36: =SUM(F6:F35) -> 0 | H36: =SUM(H6:H35) -> 0 | I36: =SUM(I6:I35) -> 0 | J36: =I36-H36 -> 0 | K36: =SUM(K6:K35) -> 0 | L36: =SUM(L6:L35) -> 0 | M36: =H36-K36 -> 0 | N36: =AVERAGE(N6:N35) -> #DIV/0! | P36: =AVERAGE(P6:P35) -> #DIV/0! | Q36: =AVERAGE(Q6:Q35) -> #DIV/0! | S36: =AVERAGE(S6:S35) -> #DIV/0! | T36: =AVERAGE(T6:T35) -> #DIV/0! | U36: =AVERAGE(U6:U35) -> #DIV/0! | V36: =AVERAGE(V6:V35) -> #DIV/0! | W36: =AVERAGE(W6:W35) -> #DIV/0! | X36: =AVERAGE(X6:X35) -> 0 | Y36: =AVERAGE(Y6:Y35) -> 0 | Z36: =AVERAGE(Z6:Z35) -> #DIV/0! | ... AE36: =AVERAGE(AE6:AE35) -> 0

Sheet Oct
C3: Health of the Inventory Tracker October 2026
D4: Fronts Total | F4: Backs Total
C5: Date | D5: Loading Total | E5: Fronts Crew | F5: Loading Total | G5: Backs Crew | H5: 24 hr. Loaded Total | I5: Plant Production | J5: Delta to Inventory | K5: Drop | L5: DFS Loads | M5: Loaded vs. Drop | N5: Inventory | O5: Inventory Movement | P5: Late Loads | Q5: Roll Over Loads | R5: Run-out | S5: Available Bins | T5: Bins Made | U5: Bin Cons | V5: Loading Teams | W5: Pickers | X5: NVP | Y5: Un-received Pallets | Z5: Total Tires | AA5: Front Loads | AB5: Back Loads | AC5: Actual Load Drop | AD5: Total Loads | AE5: Delta
H6: =SUM(D6+F6) -> 0 | J6: =I6-H6 -> 0 | M6: =H6-(K6+L6) -> 0 | X6: =Z6/35 -> 0 | Y6: =Z6/36 -> 0 | AD6: =SUM(AA6+AB6) -> 0 | AE6: =AD6-AC6 -> 0
H7: =SUM(D7+F7) -> 0 | J7: =I7-H7 -> 0 | M7: =H7-(K7+L7) -> 0 | X7: =Z7/35 -> 0 | Y7: =Z7/36 -> 0 | AD7: =SUM(AA7+AB7) -> 0 | AE7: =AD7-AC7 -> 0
H8: =SUM(D8+F8) -> 0 | J8: =I8-H8 -> 0 | M8: =H8-(K8+L8) -> 0 | X8: =Z8/35 -> 0 | Y8: =Z8/36 -> 0 | AD8: =SUM(AA8+AB8) -> 0 | AE8: =AD8-AC8 -> 0
H9: =SUM(D9+F9) -> 0 | J9: =I9-H9 -> 0 | M9: =H9-(K9+L9) -> 0 | X9: =Z9/35 -> 0 | Y9: =Z9/36 -> 0 | AD9: =SUM(AA9+AB9) -> 0 | AE9: =AD9-AC9 -> 0
H10: =SUM(D10+F10) -> 0 | J10: =I10-H10 -> 0 | M10: =H10-(K10+L10) -> 0 | X10: =Z10/35 -> 0 | Y10: =Z10/36 -> 0 | AD10: =SUM(AA10+AB10) -> 0 | AE10: =AD10-AC10 -> 0
H11: =SUM(D11+F11) -> 0 | J11: =I11-H11 -> 0 | M11: =H11-(K11+L11) -> 0 | X11: =Z11/35 -> 0 | Y11: =Z11/36 -> 0 | AD11: =SUM(AA11+AB11) -> 0 | AE11: =AD11-AC11 -> 0
H12: =SUM(D12+F12) -> 0 | J12: =I12-H12 -> 0 | M12: =H12-(K12+L12) -> 0 | X12: =Z12/35 -> 0 | Y12: =Z12/36 -> 0 | AD12: =SUM(AA12+AB12) -> 0 | AE12: =AD12-AC12 -> 0
H13: =SUM(D13+F13) -> 0 | J13: =I13-H13 -> 0 | M13: =H13-(K13+L13) -> 0 | X13: =Z13/35 -> 0 | Y13: =Z13/36 -> 0 | AD13: =SUM(AA13+AB13) -> 0 | AE13: =AD13-AC13 -> 0
H14: =SUM(D14+F14) -> 0 | J14: =I14-H14 -> 0 | M14: =H14-(K14+L14) -> 0 | X14: =Z14/35 -> 0 | Y14: =Z14/36 -> 0 | AD14: =SUM(AA14+AB14) -> 0 | AE14: =AD14-AC14 -> 0
H15: =SUM(D15+F15) -> 0 | J15: =I15-H15 -> 0 | M15: =H15-(K15+L15) -> 0 | X15: =Z15/35 -> 0 | Y15: =Z15/36 -> 0 | AD15: =SUM(AA15+AB15) -> 0 | AE15: =AD15-AC15 -> 0
H16: =SUM(D16+F16) -> 0 | J16: =I16-H16 -> 0 | M16: =H16-(K16+L16) -> 0 | X16: =Z16/35 -> 0 | Y16: =Z16/36 -> 0 | AD16: =SUM(AA16+AB16) -> 0 | AE16: =AD16-AC16 -> 0
H17: =SUM(D17+F17) -> 0 | J17: =I17-H17 -> 0 | M17: =H17-(K17+L17) -> 0 | X17: =Z17/35 -> 0 | Y17: =Z17/36 -> 0 | AD17: =SUM(AA17+AB17) -> 0 | AE17: =AD17-AC17 -> 0
... H35: =SUM(D35+F35) -> 0 | J35: =I35-H35 -> 0 | M35: =H35-(K35+L35) -> 0 | X35: =Z35/35 -> 0 | Y35: =Z35/36 -> 0 | AD35: =SUM(AA35+AB35) -> 0 | AE35: =AD35-AC35 -> 0
C36: Totals/Averages | D36: =SUM(D6:D35) -> 0 | F36: =SUM(F6:F35) -> 0 | H36: =SUM(H6:H35) -> 0 | I36: =SUM(I6:I35) -> 0 | J36: =I36-H36 -> 0 | K36: =SUM(K6:K35) -> 0 | L36: =SUM(L6:L35) -> 0 | M36: =H36-K36 -> 0 | N36: =AVERAGE(N6:N35) -> #DIV/0! | P36: =AVERAGE(P6:P35) -> #DIV/0! | Q36: =AVERAGE(Q6:Q35) -> #DIV/0! | S36: =AVERAGE(S6:S35) -> #DIV/0! | T36: =AVERAGE(T6:T35) -> #DIV/0! | U36: =AVERAGE(U6:U35) -> #DIV/0! | V36: =AVERAGE(V6:V35) -> #DIV/0! | W36: =AVERAGE(W6:W35) -> #DIV/0! | X36: =AVERAGE(X6:X35) -> 0 | Y36: =AVERAGE(Y6:Y35) -> 0 | Z36: =AVERAGE(Z6:Z35) -> #DIV/0! | ... AE36: =AVERAGE(AE6:AE35) -> 0

Sheet Nov
C3: Health of the Inventory Tracker November 2026
D4: Fronts Total | F4: Backs Total
C5: Date | D5: Loading Total | E5: Fronts Crew | F5: Loading Total | G5: Backs Crew | H5: 24 hr. Loaded Total | I5: Plant Production | J5: Delta to Inventory | K5: Drop | L5: DFS Loads | M5: Loaded vs. Drop | N5: Inventory | O5: Inventory Movement | P5: Late Loads | Q5: Roll Over Loads | R5: Run-out | S5: Available Bins | T5: Bins Made | U5: Bin Cons | V5: Loading Teams | W5: Pickers | X5: NVP | Y5: Un-received Pallets | Z5: Total Tires | AA5: Front Loads | AB5: Back Loads | AC5: Actual Load Drop | AD5: Total Loads | AE5: Delta
H6: =SUM(D6+F6) -> 0 | J6: =I6-H6 -> 0 | M6: =H6-(K6+L6) -> 0 | X6: =Z6/35 -> 0 | Y6: =Z6/36 -> 0 | AD6: =SUM(AA6+AB6) -> 0 | AE6: =AD6-AC6 -> 0
H7: =SUM(D7+F7) -> 0 | J7: =I7-H7 -> 0 | M7: =H7-(K7+L7) -> 0 | X7: =Z7/35 -> 0 | Y7: =Z7/36 -> 0 | AD7: =SUM(AA7+AB7) -> 0 | AE7: =AD7-AC7 -> 0
H8: =SUM(D8+F8) -> 0 | J8: =I8-H8 -> 0 | M8: =H8-(K8+L8) -> 0 | X8: =Z8/35 -> 0 | Y8: =Z8/36 -> 0 | AD8: =SUM(AA8+AB8) -> 0 | AE8: =AD8-AC8 -> 0
H9: =SUM(D9+F9) -> 0 | J9: =I9-H9 -> 0 | M9: =H9-(K9+L9) -> 0 | X9: =Z9/35 -> 0 | Y9: =Z9/36 -> 0 | AD9: =SUM(AA9+AB9) -> 0 | AE9: =AD9-AC9 -> 0
H10: =SUM(D10+F10) -> 0 | J10: =I10-H10 -> 0 | M10: =H10-(K10+L10) -> 0 | X10: =Z10/35 -> 0 | Y10: =Z10/36 -> 0 | AD10: =SUM(AA10+AB10) -> 0 | AE10: =AD10-AC10 -> 0
H11: =SUM(D11+F11) -> 0 | J11: =I11-H11 -> 0 | M11: =H11-(K11+L11) -> 0 | X11: =Z11/35 -> 0 | Y11: =Z11/36 -> 0 | AD11: =SUM(AA11+AB11) -> 0 | AE11: =AD11-AC11 -> 0
H12: =SUM(D12+F12) -> 0 | J12: =I12-H12 -> 0 | M12: =H12-(K12+L12) -> 0 | X12: =Z12/35 -> 0 | Y12: =Z12/36 -> 0 | AD12: =SUM(AA12+AB12) -> 0 | AE12: =AD12-AC12 -> 0
H13: =SUM(D13+F13) -> 0 | J13: =I13-H13 -> 0 | M13: =H13-(K13+L13) -> 0 | X13: =Z13/35 -> 0 | Y13: =Z13/36 -> 0 | AD13: =SUM(AA13+AB13) -> 0 | AE13: =AD13-AC13 -> 0
H14: =SUM(D14+F14) -> 0 | J14: =I14-H14 -> 0 | M14: =H14-(K14+L14) -> 0 | X14: =Z14/35 -> 0 | Y14: =Z14/36 -> 0 | AD14: =SUM(AA14+AB14) -> 0 | AE14: =AD14-AC14 -> 0
H15: =SUM(D15+F15) -> 0 | J15: =I15-H15 -> 0 | M15: =H15-(K15+L15) -> 0 | X15: =Z15/35 -> 0 | Y15: =Z15/36 -> 0 | AD15: =SUM(AA15+AB15) -> 0 | AE15: =AD15-AC15 -> 0
H16: =SUM(D16+F16) -> 0 | J16: =I16-H16 -> 0 | M16: =H16-(K16+L16) -> 0 | X16: =Z16/35 -> 0 | Y16: =Z16/36 -> 0 | AD16: =SUM(AA16+AB16) -> 0 | AE16: =AD16-AC16 -> 0
H17: =SUM(D17+F17) -> 0 | J17: =I17-H17 -> 0 | M17: =H17-(K17+L17) -> 0 | X17: =Z17/35 -> 0 | Y17: =Z17/36 -> 0 | AD17: =SUM(AA17+AB17) -> 0 | AE17: =AD17-AC17 -> 0
... H35: =SUM(D35+F35) -> 0 | J35: =I35-H35 -> 0 | M35: =H35-(K35+L35) -> 0 | X35: =Z35/35 -> 0 | Y35: =Z35/36 -> 0 | AD35: =SUM(AA35+AB35) -> 0 | AE35: =AD35-AC35 -> 0
C36: Totals/Averages | D36: =SUM(D6:D35) -> 0 | F36: =SUM(F6:F35) -> 0 | H36: =SUM(H6:H35) -> 0 | I36: =SUM(I6:I35) -> 0 | J36: =I36-H36 -> 0 | K36: =SUM(K6:K35) -> 0 | L36: =SUM(L6:L35) -> 0 | M36: =H36-K36 -> 0 | N36: =AVERAGE(N6:N35) -> #DIV/0! | P36: =AVERAGE(P6:P35) -> #DIV/0! | Q36: =AVERAGE(Q6:Q35) -> #DIV/0! | S36: =AVERAGE(S6:S35) -> #DIV/0! | T36: =AVERAGE(T6:T35) -> #DIV/0! | U36: =AVERAGE(U6:U35) -> #DIV/0! | V36: =AVERAGE(V6:V35) -> #DIV/0! | W36: =AVERAGE(W6:W35) -> #DIV/0! | X36: =AVERAGE(X6:X35) -> 0 | Y36: =AVERAGE(Y6:Y35) -> 0 | Z36: =AVERAGE(Z6:Z35) -> #DIV/0! | ... AE36: =AVERAGE(AE6:AE35) -> 0

Sheet Dec
C3: Health of the Inventory Tracker December 2026
D4: Fronts Total | F4: Backs Total
C5: Date | D5: Loading Total | E5: Fronts Crew | F5: Loading Total | G5: Backs Crew | H5: 24 hr. Loaded Total | I5: Plant Production | J5: Delta to Inventory | K5: Drop | L5: DFS Loads | M5: Loaded vs. Drop | N5: Inventory | O5: Inventory Movement | P5: Late Loads | Q5: Roll Over Loads | R5: Run-out | S5: Available Bins | T5: Bins Made | U5: Bin Cons | V5: Loading Teams | W5: Pickers | X5: NVP | Y5: Un-received Pallets | Z5: Total Tires | AA5: Front Loads | AB5: Back Loads | AC5: Actual Load Drop | AD5: Total Loads | AE5: Delta
H6: =SUM(D6+F6) -> 0 | J6: =I6-H6 -> 0 | M6: =H6-(K6+L6) -> 0 | X6: =Z6/35 -> 0 | Y6: =Z6/36 -> 0 | AD6: =SUM(AA6+AB6) -> 0 | AE6: =AD6-AC6 -> 0
H7: =SUM(D7+F7) -> 0 | J7: =I7-H7 -> 0 | M7: =H7-(K7+L7) -> 0 | X7: =Z7/35 -> 0 | Y7: =Z7/36 -> 0 | AD7: =SUM(AA7+AB7) -> 0 | AE7: =AD7-AC7 -> 0
H8: =SUM(D8+F8) -> 0 | J8: =I8-H8 -> 0 | M8: =H8-(K8+L8) -> 0 | X8: =Z8/35 -> 0 | Y8: =Z8/36 -> 0 | AD8: =SUM(AA8+AB8) -> 0 | AE8: =AD8-AC8 -> 0
H9: =SUM(D9+F9) -> 0 | J9: =I9-H9 -> 0 | M9: =H9-(K9+L9) -> 0 | X9: =Z9/35 -> 0 | Y9: =Z9/36 -> 0 | AD9: =SUM(AA9+AB9) -> 0 | AE9: =AD9-AC9 -> 0
H10: =SUM(D10+F10) -> 0 | J10: =I10-H10 -> 0 | M10: =H10-(K10+L10) -> 0 | X10: =Z10/35 -> 0 | Y10: =Z10/36 -> 0 | AD10: =SUM(AA10+AB10) -> 0 | AE10: =AD10-AC10 -> 0
H11: =SUM(D11+F11) -> 0 | J11: =I11-H11 -> 0 | M11: =H11-(K11+L11) -> 0 | X11: =Z11/35 -> 0 | Y11: =Z11/36 -> 0 | AD11: =SUM(AA11+AB11) -> 0 | AE11: =AD11-AC11 -> 0
H12: =SUM(D12+F12) -> 0 | J12: =I12-H12 -> 0 | M12: =H12-(K12+L12) -> 0 | X12: =Z12/35 -> 0 | Y12: =Z12/36 -> 0 | AD12: =SUM(AA12+AB12) -> 0 | AE12: =AD12-AC12 -> 0
H13: =SUM(D13+F13) -> 0 | J13: =I13-H13 -> 0 | M13: =H13-(K13+L13) -> 0 | X13: =Z13/35 -> 0 | Y13: =Z13/36 -> 0 | AD13: =SUM(AA13+AB13) -> 0 | AE13: =AD13-AC13 -> 0
H14: =SUM(D14+F14) -> 0 | J14: =I14-H14 -> 0 | M14: =H14-(K14+L14) -> 0 | X14: =Z14/35 -> 0 | Y14: =Z14/36 -> 0 | AD14: =SUM(AA14+AB14) -> 0 | AE14: =AD14-AC14 -> 0
H15: =SUM(D15+F15) -> 0 | J15: =I15-H15 -> 0 | M15: =H15-(K15+L15) -> 0 | X15: =Z15/35 -> 0 | Y15: =Z15/36 -> 0 | AD15: =SUM(AA15+AB15) -> 0 | AE15: =AD15-AC15 -> 0
H16: =SUM(D16+F16) -> 0 | J16: =I16-H16 -> 0 | M16: =H16-(K16+L16) -> 0 | X16: =Z16/35 -> 0 | Y16: =Z16/36 -> 0 | AD16: =SUM(AA16+AB16) -> 0 | AE16: =AD16-AC16 -> 0
H17: =SUM(D17+F17) -> 0 | J17: =I17-H17 -> 0 | M17: =H17-(K17+L17) -> 0 | X17: =Z17/35 -> 0 | Y17: =Z17/36 -> 0 | AD17: =SUM(AA17+AB17) -> 0 | AE17: =AD17-AC17 -> 0
... H35: =SUM(D35+F35) -> 0 | J35: =I35-H35 -> 0 | M35: =H35-(K35+L35) -> 0 | X35: =Z35/35 -> 0 | Y35: =Z35/36 -> 0 | AD35: =SUM(AA35+AB35) -> 0 | AE35: =AD35-AC35 -> 0
C36: Totals/Averages | D36: =SUM(D6:D35) -> 0 | F36: =SUM(F6:F35) -> 0 | H36: =SUM(H6:H35) -> 0 | I36: =SUM(I6:I35) -> 0 | J36: =I36-H36 -> 0 | K36: =SUM(K6:K35) -> 0 | L36: =SUM(L6:L35) -> 0 | M36: =H36-K36 -> 0 | N36: =AVERAGE(N6:N35) -> #DIV/0! | P36: =AVERAGE(P6:P35) -> #DIV/0! | Q36: =AVERAGE(Q6:Q35) -> #DIV/0! | S36: =AVERAGE(S6:S35) -> #DIV/0! | T36: =AVERAGE(T6:T35) -> #DIV/0! | U36: =AVERAGE(U6:U35) -> #DIV/0! | V36: =AVERAGE(V6:V35) -> #DIV/0! | W36: =AVERAGE(W6:W35) -> #DIV/0! | X36: =AVERAGE(X6:X35) -> 0 | Y36: =AVERAGE(Y6:Y35) -> 0 | Z36: =AVERAGE(Z6:Z35) -> #DIV/0! | ... AE36: =AVERAGE(AE6:AE35) -> 0

Sheet Dashboard
C3: Month | D3: Monthly Shipped Totals | E3: Drop | F3: Shipped VS Drop | G3: Total DFS Tires Shipped | H3: Shipped w/DFS VS Drop | I3: Daily Loading Avg | J3: Late Loads | K3: Days ran out of Work | L3: Adjusted Daily Avg. | M3: AVG Rollover | N3: AVG Loads per Day | O3: Total Loads
C4: Jan | D4: =Jan!H37 -> 622401 | E4: =Jan!K37 -> 463095 | F4: =Jan!J37 -> -47586 | G4: =Jan!L37 -> 19193 | H4: =D4-(E4+G4) -> 140113 | I4: 20777 | J4: =Jan!P37 -> 0 | K4: 15 | L4: 18249 | M4: =Jan!Q37 -> 2.2 | N4: =Jan!AB37 -> 19.4 | O4: =Jan!AC38 -> 578
C5: Feb | D5: =Feb!H34 -> 409775 | E5: =Feb!K34 -> 270331 | F5: =Feb!M34 -> 139444 | G5: =Feb!L34 -> 11878 | H5: =D5-(E5+G5) -> 127566 | M5: =Feb!Q34 -> 1.1666667 | N5: =Feb!AB34 -> 17 | O5: =Feb!AC34 -> 392
C6: Mar | H6: =D6-(E6+G6) -> 0
C7: Apr | H7: =D7-(E7+G7) -> 0
C8: May | H8: =D8-(E8+G8) -> 0
C9: Jun | H9: =D9-(E9+G9) -> 0
C10: July | H10: =D10-(E10+G10) -> 0
C11: Aug | H11: =D11-(E11+G11) -> 0
C12: Sep | H12: =D12-(E12+G12) -> 0
C13: Oct | H13: =D13-(E13+G13) -> 0
C14: Nov | H14: =D14-(E14+G14) -> 0
C15: Dec | H15: =D15-(E15+G15) -> 0
C16: Avg. | D16: =AVERAGE(D4:D15) -> 516088 | E16: =AVERAGE(E4:E15) -> 366713 | F16: =AVERAGE(F4:F15) -> 45929 | G16: =AVERAGE(G4:G15) -> 15535.5 | H16: =AVERAGE(H4:H15) -> 22306.583 | I16: =AVERAGE(I4:I15) -> 20777 | J16: =AVERAGE(J4:J15) -> 0 | K16: =AVERAGE(K4:K14) -> 15 | L16: =AVERAGE(L4:L14) -> 18249 | M16: =AVERAGE(M4:M15) -> 1.6833333
C18: Total | D18: =SUM(D4:D15) -> 1032176 | E18: =SUM(E4:E15) -> 733426 | F18: =SUM(F4:F15) -> 91858 | G18: =SUM(G4:G15) -> 31071 | H18: =SUM(H4:H15) -> 267679 | I18: =SUM(I4:I15) -> 20777 | J18: =SUM(J4:J15) -> 0 | K18: =SUM(K4:K15) -> 15 | ... M18: =SUM(M4:M15) -> 3.3666667
C20: Difference | D20: =E18-D18 -> -298750
D24: LY | E24: CY | F24: Diff +/- | G24: Current Rate | H24: Furture Rate | I24: TRN LY | J24: TRN CY | K24: Diff
C25: Jan
C26: Feb
C27: Mar
C28: Apr
C29: May
C30: Jun
C31: July
C32: Aug
C33: Sep
C34: Oct
C35: Nov
C36: Dec
C37: AVG
C38: Totals | D38: =SUM(D25:D36) -> 0 | E38: =SUM(E25:E36) -> 0 | F38: =SUM(F25:F36) -> 0 | G38: =SUM(G25:G36) -> 0 | H38: =SUM(H25:H36) -> 0 | I38: =SUM(I25:I36) -> 0 | J38: =SUM(J25:J36) -> 0 | K38: =SUM(K25:K37) -> 0
